ruta;inicio;fin
/home/ggoni/Documentos/PROYE/solocodigo/proycodigo/salida/AMPL1/greedyC/;2024-09-16 22:48:36.455;2024-09-16 22:48:36.456
/home/ggoni/Documentos/PROYE/solocodigo/proycodigo/salida/AMPL1/greedyC/;2024-09-16 22:48:36.491;2024-09-16 22:48:36.493
/home/ggoni/Documentos/PROYE/solocodigo/proycodigo/salida/AMPL1/greedyC/;2024-09-16 22:48:36.514;2024-09-16 22:48:36.515
/home/ggoni/Documentos/PROYE/solocodigo/proycodigo/salida/AMPL1/greedyC/;2024-09-16 22:48:36.519;2024-09-16 22:48:36.521
/home/ggoni/Documentos/PROYE/solocodigo/proycodigo/salida/AMPL1/greedyC/;2024-09-16 22:48:36.529;2024-09-16 22:48:36.531
/home/ggoni/Documentos/PROYE/solocodigo/proycodigo/salida/AMPL1/greedyC/;2024-09-16 22:48:36.531;2024-09-16 22:48:36.532
/home/ggoni/Documentos/PROYE/solocodigo/proycodigo/salida/AMPL1/greedyC/;2024-09-16 22:48:36.549;2024-09-16 22:48:36.550
/home/ggoni/Documentos/PROYE/solocodigo/proycodigo/salida/AMPL1/greedyC/;2024-09-16 22:48:36.556;2024-09-16 22:48:36.557
/home/ggoni/Documentos/PROYE/solocodigo/proycodigo/salida/AMPL1/greedyC/;2024-09-16 22:48:36.563;2024-09-16 22:48:36.564
/home/ggoni/Documentos/PROYE/solocodigo/proycodigo/salida/AMPL1/greedyC/;2024-09-16 22:48:36.569;2024-09-16 22:48:36.571
/home/ggoni/Documentos/PROYE/solocodigo/proycodigo/salida/AMPL1/greedyC/;2024-09-16 22:48:36.590;2024-09-16 22:48:36.591
/home/ggoni/Documentos/PROYE/solocodigo/proycodigo/salida/AMPL1/greedyC/;2024-09-16 22:48:36.604;2024-09-16 22:48:36.605
/home/ggoni/Documentos/PROYE/solocodigo/proycodigo/salida/AMPL1/greedyC/;2024-09-16 22:48:36.761;2024-09-16 22:48:36.762
/home/ggoni/Documentos/PROYE/solocodigo/proycodigo/salida/AMPL1/greedyC/;2024-09-16 22:48:36.780;2024-09-16 22:48:36.781
/home/ggoni/Documentos/PROYE/solocodigo/proycodigo/salida/AMPL1/greedyC/;2024-09-16 22:48:36.801;2024-09-16 22:48:36.802
/home/ggoni/Documentos/PROYE/solocodigo/proycodigo/salida/AMPL1/greedyC/;2024-09-16 22:48:36.805;2024-09-16 22:48:36.806
/home/ggoni/Documentos/PROYE/solocodigo/proycodigo/salida/AMPL1/greedyC/;2024-09-16 22:48:36.811;2024-09-16 22:48:36.812
/home/ggoni/Documentos/PROYE/solocodigo/proycodigo/salida/AMPL1/greedyC/;2024-09-16 22:48:36.812;2024-09-16 22:48:36.813
/home/ggoni/Documentos/PROYE/solocodigo/proycodigo/salida/AMPL1/greedyC/;2024-09-16 22:48:36.826;2024-09-16 22:48:36.827
/home/ggoni/Documentos/PROYE/solocodigo/proycodigo/salida/AMPL1/greedyC/;2024-09-16 22:48:36.830;2024-09-16 22:48:36.831
/home/ggoni/Documentos/PROYE/solocodigo/proycodigo/salida/AMPL1/greedyC/;2024-09-16 22:48:36.836;2024-09-16 22:48:36.837
/home/ggoni/Documentos/PROYE/solocodigo/proycodigo/salida/AMPL1/greedyC/;2024-09-16 22:48:36.839;2024-09-16 22:48:36.840
/home/ggoni/Documentos/PROYE/solocodigo/proycodigo/salida/AMPL1/greedyC/;2024-09-16 22:48:36.844;2024-09-16 22:48:36.844
/home/ggoni/Documentos/PROYE/solocodigo/proycodigo/salida/AMPL1/greedyC/;2024-09-16 22:48:36.848;2024-09-16 22:48:36.848
/home/ggoni/Documentos/PROYE/solocodigo/proycodigo/salida/AMPL1/greedyQoS/;2024-09-16 22:48:36.958;2024-09-16 22:48:36.958
/home/ggoni/Documentos/PROYE/solocodigo/proycodigo/salida/AMPL1/greedyQoS/;2024-09-16 22:48:36.961;2024-09-16 22:48:36.962
/home/ggoni/Documentos/PROYE/solocodigo/proycodigo/salida/AMPL1/robin/;2024-09-16 22:48:36.967;2024-09-16 22:48:36.967
/home/ggoni/Documentos/PROYE/solocodigo/proycodigo/salida/AMPL1/robin/;2024-09-16 22:48:36.967;2024-09-16 22:48:36.968
/home/ggoni/Documentos/PROYE/solocodigo/proycodigo/salida/AMPL2/greedyC/;2024-09-16 22:48:37.004;2024-09-16 22:48:37.005
/home/ggoni/Documentos/PROYE/solocodigo/proycodigo/salida/AMPL2/greedyC/;2024-09-16 22:48:37.038;2024-09-16 22:48:37.040
/home/ggoni/Documentos/PROYE/solocodigo/proycodigo/salida/AMPL2/greedyC/;2024-09-16 22:48:37.065;2024-09-16 22:48:37.067
/home/ggoni/Documentos/PROYE/solocodigo/proycodigo/salida/AMPL2/greedyC/;2024-09-16 22:48:37.074;2024-09-16 22:48:37.076
/home/ggoni/Documentos/PROYE/solocodigo/proycodigo/salida/AMPL2/greedyC/;2024-09-16 22:48:37.088;2024-09-16 22:48:37.090
/home/ggoni/Documentos/PROYE/solocodigo/proycodigo/salida/AMPL2/greedyC/;2024-09-16 22:48:37.090;2024-09-16 22:48:37.092
/home/ggoni/Documentos/PROYE/solocodigo/proycodigo/salida/AMPL2/greedyC/;2024-09-16 22:48:37.117;2024-09-16 22:48:37.119
/home/ggoni/Documentos/PROYE/solocodigo/proycodigo/salida/AMPL2/greedyC/;2024-09-16 22:48:37.128;2024-09-16 22:48:37.133
/home/ggoni/Documentos/PROYE/solocodigo/proycodigo/salida/AMPL2/greedyC/;2024-09-16 22:48:37.149;2024-09-16 22:48:37.150
/home/ggoni/Documentos/PROYE/solocodigo/proycodigo/salida/AMPL2/greedyC/;2024-09-16 22:48:37.158;2024-09-16 22:48:37.160
/home/ggoni/Documentos/PROYE/solocodigo/proycodigo/salida/AMPL2/greedyC/;2024-09-16 22:48:37.187;2024-09-16 22:48:37.188
/home/ggoni/Documentos/PROYE/solocodigo/proycodigo/salida/AMPL2/greedyC/;2024-09-16 22:48:37.213;2024-09-16 22:48:37.216
/home/ggoni/Documentos/PROYE/solocodigo/proycodigo/salida/AMPL2/greedyC/;2024-09-16 22:48:37.404;2024-09-16 22:48:37.406
/home/ggoni/Documentos/PROYE/solocodigo/proycodigo/salida/AMPL2/greedyC/;2024-09-16 22:48:37.447;2024-09-16 22:48:37.449
/home/ggoni/Documentos/PROYE/solocodigo/proycodigo/salida/AMPL2/greedyC/;2024-09-16 22:48:37.467;2024-09-16 22:48:37.469
/home/ggoni/Documentos/PROYE/solocodigo/proycodigo/salida/AMPL2/greedyC/;2024-09-16 22:48:37.473;2024-09-16 22:48:37.474
/home/ggoni/Documentos/PROYE/solocodigo/proycodigo/salida/AMPL2/greedyC/;2024-09-16 22:48:37.483;2024-09-16 22:48:37.484
/home/ggoni/Documentos/PROYE/solocodigo/proycodigo/salida/AMPL2/greedyC/;2024-09-16 22:48:37.484;2024-09-16 22:48:37.486
/home/ggoni/Documentos/PROYE/solocodigo/proycodigo/salida/AMPL2/greedyC/;2024-09-16 22:48:37.508;2024-09-16 22:48:37.510
/home/ggoni/Documentos/PROYE/solocodigo/proycodigo/salida/AMPL2/greedyC/;2024-09-16 22:48:37.516;2024-09-16 22:48:37.517
/home/ggoni/Documentos/PROYE/solocodigo/proycodigo/salida/AMPL2/greedyC/;2024-09-16 22:48:37.525;2024-09-16 22:48:37.526
/home/ggoni/Documentos/PROYE/solocodigo/proycodigo/salida/AMPL2/greedyC/;2024-09-16 22:48:37.532;2024-09-16 22:48:37.533
/home/ggoni/Documentos/PROYE/solocodigo/proycodigo/salida/AMPL2/greedyC/;2024-09-16 22:48:37.544;2024-09-16 22:48:37.544
/home/ggoni/Documentos/PROYE/solocodigo/proycodigo/salida/AMPL2/greedyC/;2024-09-16 22:48:37.553;2024-09-16 22:48:37.555
/home/ggoni/Documentos/PROYE/solocodigo/proycodigo/salida/AMPL2/greedyC/;2024-09-16 22:48:37.685;2024-09-16 22:48:37.686
/home/ggoni/Documentos/PROYE/solocodigo/proycodigo/salida/AMPL2/greedyC/;2024-09-16 22:48:37.709;2024-09-16 22:48:37.711
/home/ggoni/Documentos/PROYE/solocodigo/proycodigo/salida/AMPL2/greedyC/;2024-09-16 22:48:37.731;2024-09-16 22:48:37.733
/home/ggoni/Documentos/PROYE/solocodigo/proycodigo/salida/AMPL2/greedyC/;2024-09-16 22:48:37.737;2024-09-16 22:48:37.739
/home/ggoni/Documentos/PROYE/solocodigo/proycodigo/salida/AMPL2/greedyC/;2024-09-16 22:48:37.748;2024-09-16 22:48:37.750
/home/ggoni/Documentos/PROYE/solocodigo/proycodigo/salida/AMPL2/greedyC/;2024-09-16 22:48:37.750;2024-09-16 22:48:37.757
/home/ggoni/Documentos/PROYE/solocodigo/proycodigo/salida/AMPL2/greedyC/;2024-09-16 22:48:37.801;2024-09-16 22:48:37.802
/home/ggoni/Documentos/PROYE/solocodigo/proycodigo/salida/AMPL2/greedyC/;2024-09-16 22:48:37.818;2024-09-16 22:48:37.820
/home/ggoni/Documentos/PROYE/solocodigo/proycodigo/salida/AMPL2/greedyC/;2024-09-16 22:48:37.833;2024-09-16 22:48:37.835
/home/ggoni/Documentos/PROYE/solocodigo/proycodigo/salida/AMPL2/greedyC/;2024-09-16 22:48:37.841;2024-09-16 22:48:37.843
/home/ggoni/Documentos/PROYE/solocodigo/proycodigo/salida/AMPL2/greedyC/;2024-09-16 22:48:37.863;2024-09-16 22:48:37.879
/home/ggoni/Documentos/PROYE/solocodigo/proycodigo/salida/AMPL2/greedyC/;2024-09-16 22:48:37.901;2024-09-16 22:48:37.903
/home/ggoni/Documentos/PROYE/solocodigo/proycodigo/salida/AMPL2/greedyQoS/;2024-09-16 22:48:38.146;2024-09-16 22:48:38.147
/home/ggoni/Documentos/PROYE/solocodigo/proycodigo/salida/AMPL2/greedyQoS/;2024-09-16 22:48:38.147;2024-09-16 22:48:38.147
/home/ggoni/Documentos/PROYE/solocodigo/proycodigo/salida/AMPL2/greedyQoS/;2024-09-16 22:48:38.147;2024-09-16 22:48:38.148
/home/ggoni/Documentos/PROYE/solocodigo/proycodigo/salida/AMPL2/robin/;2024-09-16 22:48:38.156;2024-09-16 22:48:38.158
/home/ggoni/Documentos/PROYE/solocodigo/proycodigo/salida/AMPL2/robin/;2024-09-16 22:48:38.158;2024-09-16 22:48:38.159
/home/ggoni/Documentos/PROYE/solocodigo/proycodigo/salida/AMPL3/greedyC/;2024-09-16 22:48:38.178;2024-09-16 22:48:38.179
/home/ggoni/Documentos/PROYE/solocodigo/proycodigo/salida/AMPL3/greedyC/;2024-09-16 22:48:38.219;2024-09-16 22:48:38.220
/home/ggoni/Documentos/PROYE/solocodigo/proycodigo/salida/AMPL3/greedyC/;2024-09-16 22:48:38.248;2024-09-16 22:48:38.249
/home/ggoni/Documentos/PROYE/solocodigo/proycodigo/salida/AMPL3/greedyC/;2024-09-16 22:48:38.254;2024-09-16 22:48:38.256
/home/ggoni/Documentos/PROYE/solocodigo/proycodigo/salida/AMPL3/greedyC/;2024-09-16 22:48:38.265;2024-09-16 22:48:38.266
/home/ggoni/Documentos/PROYE/solocodigo/proycodigo/salida/AMPL3/greedyC/;2024-09-16 22:48:38.266;2024-09-16 22:48:38.267
/home/ggoni/Documentos/PROYE/solocodigo/proycodigo/salida/AMPL3/greedyC/;2024-09-16 22:48:38.285;2024-09-16 22:48:38.287
/home/ggoni/Documentos/PROYE/solocodigo/proycodigo/salida/AMPL3/greedyC/;2024-09-16 22:48:38.292;2024-09-16 22:48:38.293
/home/ggoni/Documentos/PROYE/solocodigo/proycodigo/salida/AMPL3/greedyC/;2024-09-16 22:48:38.298;2024-09-16 22:48:38.299
/home/ggoni/Documentos/PROYE/solocodigo/proycodigo/salida/AMPL3/greedyC/;2024-09-16 22:48:38.309;2024-09-16 22:48:38.310
/home/ggoni/Documentos/PROYE/solocodigo/proycodigo/salida/AMPL3/greedyC/;2024-09-16 22:48:38.330;2024-09-16 22:48:38.332
/home/ggoni/Documentos/PROYE/solocodigo/proycodigo/salida/AMPL3/greedyC/;2024-09-16 22:48:38.348;2024-09-16 22:48:38.350
/home/ggoni/Documentos/PROYE/solocodigo/proycodigo/salida/AMPL3/greedyC/;2024-09-16 22:48:38.483;2024-09-16 22:48:38.484
/home/ggoni/Documentos/PROYE/solocodigo/proycodigo/salida/AMPL3/greedyC/;2024-09-16 22:48:38.518;2024-09-16 22:48:38.519
/home/ggoni/Documentos/PROYE/solocodigo/proycodigo/salida/AMPL3/greedyC/;2024-09-16 22:48:38.539;2024-09-16 22:48:38.541
/home/ggoni/Documentos/PROYE/solocodigo/proycodigo/salida/AMPL3/greedyC/;2024-09-16 22:48:38.546;2024-09-16 22:48:38.547
/home/ggoni/Documentos/PROYE/solocodigo/proycodigo/salida/AMPL3/greedyC/;2024-09-16 22:48:38.557;2024-09-16 22:48:38.558
/home/ggoni/Documentos/PROYE/solocodigo/proycodigo/salida/AMPL3/greedyC/;2024-09-16 22:48:38.558;2024-09-16 22:48:38.560
/home/ggoni/Documentos/PROYE/solocodigo/proycodigo/salida/AMPL3/greedyC/;2024-09-16 22:48:38.580;2024-09-16 22:48:38.581
/home/ggoni/Documentos/PROYE/solocodigo/proycodigo/salida/AMPL3/greedyC/;2024-09-16 22:48:38.588;2024-09-16 22:48:38.589
/home/ggoni/Documentos/PROYE/solocodigo/proycodigo/salida/AMPL3/greedyC/;2024-09-16 22:48:38.597;2024-09-16 22:48:38.598
/home/ggoni/Documentos/PROYE/solocodigo/proycodigo/salida/AMPL3/greedyC/;2024-09-16 22:48:38.604;2024-09-16 22:48:38.605
/home/ggoni/Documentos/PROYE/solocodigo/proycodigo/salida/AMPL3/greedyC/;2024-09-16 22:48:38.624;2024-09-16 22:48:38.625
/home/ggoni/Documentos/PROYE/solocodigo/proycodigo/salida/AMPL3/greedyC/;2024-09-16 22:48:38.644;2024-09-16 22:48:38.646
/home/ggoni/Documentos/PROYE/solocodigo/proycodigo/salida/AMPL3/greedyC/;2024-09-16 22:48:38.779;2024-09-16 22:48:38.780
/home/ggoni/Documentos/PROYE/solocodigo/proycodigo/salida/AMPL3/greedyC/;2024-09-16 22:48:38.803;2024-09-16 22:48:38.805
/home/ggoni/Documentos/PROYE/solocodigo/proycodigo/salida/AMPL3/greedyC/;2024-09-16 22:48:38.815;2024-09-16 22:48:38.816
/home/ggoni/Documentos/PROYE/solocodigo/proycodigo/salida/AMPL3/greedyC/;2024-09-16 22:48:38.818;2024-09-16 22:48:38.819
/home/ggoni/Documentos/PROYE/solocodigo/proycodigo/salida/AMPL3/greedyC/;2024-09-16 22:48:38.824;2024-09-16 22:48:38.824
/home/ggoni/Documentos/PROYE/solocodigo/proycodigo/salida/AMPL3/greedyC/;2024-09-16 22:48:38.824;2024-09-16 22:48:38.825
/home/ggoni/Documentos/PROYE/solocodigo/proycodigo/salida/AMPL3/greedyC/;2024-09-16 22:48:38.838;2024-09-16 22:48:38.839
/home/ggoni/Documentos/PROYE/solocodigo/proycodigo/salida/AMPL3/greedyC/;2024-09-16 22:48:38.842;2024-09-16 22:48:38.842
/home/ggoni/Documentos/PROYE/solocodigo/proycodigo/salida/AMPL3/greedyC/;2024-09-16 22:48:38.846;2024-09-16 22:48:38.846
/home/ggoni/Documentos/PROYE/solocodigo/proycodigo/salida/AMPL3/greedyC/;2024-09-16 22:48:38.849;2024-09-16 22:48:38.849
/home/ggoni/Documentos/PROYE/solocodigo/proycodigo/salida/AMPL3/greedyC/;2024-09-16 22:48:38.857;2024-09-16 22:48:38.858
/home/ggoni/Documentos/PROYE/solocodigo/proycodigo/salida/AMPL3/greedyC/;2024-09-16 22:48:38.865;2024-09-16 22:48:38.866
/home/ggoni/Documentos/PROYE/solocodigo/proycodigo/salida/AMPL3/greedyQoS/;2024-09-16 22:48:38.951;2024-09-16 22:48:38.952
/home/ggoni/Documentos/PROYE/solocodigo/proycodigo/salida/AMPL3/greedyQoS/;2024-09-16 22:48:38.952;2024-09-16 22:48:38.953
/home/ggoni/Documentos/PROYE/solocodigo/proycodigo/salida/AMPL3/greedyQoS/;2024-09-16 22:48:38.953;2024-09-16 22:48:38.953
/home/ggoni/Documentos/PROYE/solocodigo/proycodigo/salida/AMPL3/robin/;2024-09-16 22:48:38.960;2024-09-16 22:48:38.961
/home/ggoni/Documentos/PROYE/solocodigo/proycodigo/salida/AMPL3/robin/;2024-09-16 22:48:38.961;2024-09-16 22:48:38.962
/home/ggoni/Documentos/PROYE/solocodigo/proycodigo/salida/AMPL4/greedyC/;2024-09-16 22:48:38.991;2024-09-16 22:48:38.994
/home/ggoni/Documentos/PROYE/solocodigo/proycodigo/salida/AMPL4/greedyC/;2024-09-16 22:48:39.027;2024-09-16 22:48:39.029
/home/ggoni/Documentos/PROYE/solocodigo/proycodigo/salida/AMPL4/greedyC/;2024-09-16 22:48:39.050;2024-09-16 22:48:39.052
/home/ggoni/Documentos/PROYE/solocodigo/proycodigo/salida/AMPL4/greedyC/;2024-09-16 22:48:39.060;2024-09-16 22:48:39.062
/home/ggoni/Documentos/PROYE/solocodigo/proycodigo/salida/AMPL4/greedyC/;2024-09-16 22:48:39.072;2024-09-16 22:48:39.074
/home/ggoni/Documentos/PROYE/solocodigo/proycodigo/salida/AMPL4/greedyC/;2024-09-16 22:48:39.074;2024-09-16 22:48:39.075
/home/ggoni/Documentos/PROYE/solocodigo/proycodigo/salida/AMPL4/greedyC/;2024-09-16 22:48:39.096;2024-09-16 22:48:39.098
/home/ggoni/Documentos/PROYE/solocodigo/proycodigo/salida/AMPL4/greedyC/;2024-09-16 22:48:39.104;2024-09-16 22:48:39.105
/home/ggoni/Documentos/PROYE/solocodigo/proycodigo/salida/AMPL4/greedyC/;2024-09-16 22:48:39.113;2024-09-16 22:48:39.115
/home/ggoni/Documentos/PROYE/solocodigo/proycodigo/salida/AMPL4/greedyC/;2024-09-16 22:48:39.121;2024-09-16 22:48:39.122
/home/ggoni/Documentos/PROYE/solocodigo/proycodigo/salida/AMPL4/greedyC/;2024-09-16 22:48:39.143;2024-09-16 22:48:39.145
/home/ggoni/Documentos/PROYE/solocodigo/proycodigo/salida/AMPL4/greedyC/;2024-09-16 22:48:39.163;2024-09-16 22:48:39.165
/home/ggoni/Documentos/PROYE/solocodigo/proycodigo/salida/AMPL4/greedyC/;2024-09-16 22:48:39.303;2024-09-16 22:48:39.304
/home/ggoni/Documentos/PROYE/solocodigo/proycodigo/salida/AMPL4/greedyC/;2024-09-16 22:48:39.325;2024-09-16 22:48:39.326
/home/ggoni/Documentos/PROYE/solocodigo/proycodigo/salida/AMPL4/greedyC/;2024-09-16 22:48:39.344;2024-09-16 22:48:39.346
/home/ggoni/Documentos/PROYE/solocodigo/proycodigo/salida/AMPL4/greedyC/;2024-09-16 22:48:39.350;2024-09-16 22:48:39.351
/home/ggoni/Documentos/PROYE/solocodigo/proycodigo/salida/AMPL4/greedyC/;2024-09-16 22:48:39.360;2024-09-16 22:48:39.361
/home/ggoni/Documentos/PROYE/solocodigo/proycodigo/salida/AMPL4/greedyC/;2024-09-16 22:48:39.361;2024-09-16 22:48:39.363
/home/ggoni/Documentos/PROYE/solocodigo/proycodigo/salida/AMPL4/greedyC/;2024-09-16 22:48:39.381;2024-09-16 22:48:39.382
/home/ggoni/Documentos/PROYE/solocodigo/proycodigo/salida/AMPL4/greedyC/;2024-09-16 22:48:39.388;2024-09-16 22:48:39.389
/home/ggoni/Documentos/PROYE/solocodigo/proycodigo/salida/AMPL4/greedyC/;2024-09-16 22:48:39.396;2024-09-16 22:48:39.398
/home/ggoni/Documentos/PROYE/solocodigo/proycodigo/salida/AMPL4/greedyC/;2024-09-16 22:48:39.403;2024-09-16 22:48:39.404
/home/ggoni/Documentos/PROYE/solocodigo/proycodigo/salida/AMPL4/greedyC/;2024-09-16 22:48:39.421;2024-09-16 22:48:39.422
/home/ggoni/Documentos/PROYE/solocodigo/proycodigo/salida/AMPL4/greedyC/;2024-09-16 22:48:39.438;2024-09-16 22:48:39.440
/home/ggoni/Documentos/PROYE/solocodigo/proycodigo/salida/AMPL4/greedyC/;2024-09-16 22:48:39.574;2024-09-16 22:48:39.576
/home/ggoni/Documentos/PROYE/solocodigo/proycodigo/salida/AMPL4/greedyC/;2024-09-16 22:48:39.597;2024-09-16 22:48:39.599
/home/ggoni/Documentos/PROYE/solocodigo/proycodigo/salida/AMPL4/greedyC/;2024-09-16 22:48:39.617;2024-09-16 22:48:39.618
/home/ggoni/Documentos/PROYE/solocodigo/proycodigo/salida/AMPL4/greedyC/;2024-09-16 22:48:39.622;2024-09-16 22:48:39.624
/home/ggoni/Documentos/PROYE/solocodigo/proycodigo/salida/AMPL4/greedyC/;2024-09-16 22:48:39.632;2024-09-16 22:48:39.633
/home/ggoni/Documentos/PROYE/solocodigo/proycodigo/salida/AMPL4/greedyC/;2024-09-16 22:48:39.633;2024-09-16 22:48:39.635
/home/ggoni/Documentos/PROYE/solocodigo/proycodigo/salida/AMPL4/greedyC/;2024-09-16 22:48:39.653;2024-09-16 22:48:39.655
/home/ggoni/Documentos/PROYE/solocodigo/proycodigo/salida/AMPL4/greedyC/;2024-09-16 22:48:39.660;2024-09-16 22:48:39.662
/home/ggoni/Documentos/PROYE/solocodigo/proycodigo/salida/AMPL4/greedyC/;2024-09-16 22:48:39.669;2024-09-16 22:48:39.670
/home/ggoni/Documentos/PROYE/solocodigo/proycodigo/salida/AMPL4/greedyC/;2024-09-16 22:48:39.676;2024-09-16 22:48:39.677
/home/ggoni/Documentos/PROYE/solocodigo/proycodigo/salida/AMPL4/greedyC/;2024-09-16 22:48:39.696;2024-09-16 22:48:39.698
/home/ggoni/Documentos/PROYE/solocodigo/proycodigo/salida/AMPL4/greedyC/;2024-09-16 22:48:39.713;2024-09-16 22:48:39.714
/home/ggoni/Documentos/PROYE/solocodigo/proycodigo/salida/AMPL4/greedyQoS/;2024-09-16 22:48:39.881;2024-09-16 22:48:39.883
/home/ggoni/Documentos/PROYE/solocodigo/proycodigo/salida/AMPL4/greedyQoS/;2024-09-16 22:48:39.883;2024-09-16 22:48:39.884
/home/ggoni/Documentos/PROYE/solocodigo/proycodigo/salida/AMPL4/greedyQoS/;2024-09-16 22:48:39.884;2024-09-16 22:48:39.885
/home/ggoni/Documentos/PROYE/solocodigo/proycodigo/salida/AMPL4/robin/;2024-09-16 22:48:39.895;2024-09-16 22:48:39.898
/home/ggoni/Documentos/PROYE/solocodigo/proycodigo/salida/AMPL4/robin/;2024-09-16 22:48:39.898;2024-09-16 22:48:39.899
/home/ggoni/Documentos/PROYE/solocodigo/proycodigo/salida/CH1/greedyC/;2024-09-16 22:48:40.091;2024-09-16 22:48:40.118
/home/ggoni/Documentos/PROYE/solocodigo/proycodigo/salida/CH1/greedyC/;2024-09-16 22:48:40.414;2024-09-16 22:48:40.433
/home/ggoni/Documentos/PROYE/solocodigo/proycodigo/salida/CH1/greedyC/;2024-09-16 22:48:40.686;2024-09-16 22:48:40.703
/home/ggoni/Documentos/PROYE/solocodigo/proycodigo/salida/CH1/greedyC/;2024-09-16 22:48:40.754;2024-09-16 22:48:40.771
/home/ggoni/Documentos/PROYE/solocodigo/proycodigo/salida/CH1/greedyC/;2024-09-16 22:48:40.874;2024-09-16 22:48:40.891
/home/ggoni/Documentos/PROYE/solocodigo/proycodigo/salida/CH1/greedyC/;2024-09-16 22:48:40.891;2024-09-16 22:48:40.908
/home/ggoni/Documentos/PROYE/solocodigo/proycodigo/salida/CH1/greedyC/;2024-09-16 22:48:41.132;2024-09-16 22:48:41.149
/home/ggoni/Documentos/PROYE/solocodigo/proycodigo/salida/CH1/greedyC/;2024-09-16 22:48:41.217;2024-09-16 22:48:41.236
/home/ggoni/Documentos/PROYE/solocodigo/proycodigo/salida/CH1/greedyC/;2024-09-16 22:48:41.326;2024-09-16 22:48:41.343
/home/ggoni/Documentos/PROYE/solocodigo/proycodigo/salida/CH1/greedyC/;2024-09-16 22:48:41.411;2024-09-16 22:48:41.428
/home/ggoni/Documentos/PROYE/solocodigo/proycodigo/salida/CH1/greedyC/;2024-09-16 22:48:41.635;2024-09-16 22:48:41.652
/home/ggoni/Documentos/PROYE/solocodigo/proycodigo/salida/CH1/greedyC/;2024-09-16 22:48:41.842;2024-09-16 22:48:41.861
/home/ggoni/Documentos/PROYE/solocodigo/proycodigo/salida/CH1/greedyC/;2024-09-16 22:48:49.603;2024-09-16 22:48:49.620
/home/ggoni/Documentos/PROYE/solocodigo/proycodigo/salida/CH1/greedyC/;2024-09-16 22:48:50.051;2024-09-16 22:48:50.068
/home/ggoni/Documentos/PROYE/solocodigo/proycodigo/salida/CH1/greedyC/;2024-09-16 22:48:50.293;2024-09-16 22:48:50.310
/home/ggoni/Documentos/PROYE/solocodigo/proycodigo/salida/CH1/greedyC/;2024-09-16 22:48:50.362;2024-09-16 22:48:50.379
/home/ggoni/Documentos/PROYE/solocodigo/proycodigo/salida/CH1/greedyC/;2024-09-16 22:48:50.482;2024-09-16 22:48:50.499
/home/ggoni/Documentos/PROYE/solocodigo/proycodigo/salida/CH1/greedyC/;2024-09-16 22:48:50.500;2024-09-16 22:48:50.517
/home/ggoni/Documentos/PROYE/solocodigo/proycodigo/salida/CH1/greedyC/;2024-09-16 22:48:50.745;2024-09-16 22:48:50.763
/home/ggoni/Documentos/PROYE/solocodigo/proycodigo/salida/CH1/greedyC/;2024-09-16 22:48:50.832;2024-09-16 22:48:50.849
/home/ggoni/Documentos/PROYE/solocodigo/proycodigo/salida/CH1/greedyC/;2024-09-16 22:48:50.936;2024-09-16 22:48:50.953
/home/ggoni/Documentos/PROYE/solocodigo/proycodigo/salida/CH1/greedyC/;2024-09-16 22:48:51.023;2024-09-16 22:48:51.040
/home/ggoni/Documentos/PROYE/solocodigo/proycodigo/salida/CH1/greedyC/;2024-09-16 22:48:51.249;2024-09-16 22:48:51.266
/home/ggoni/Documentos/PROYE/solocodigo/proycodigo/salida/CH1/greedyC/;2024-09-16 22:48:51.455;2024-09-16 22:48:51.472
/home/ggoni/Documentos/PROYE/solocodigo/proycodigo/salida/CH1/greedyC/;2024-09-16 22:48:52.883;2024-09-16 22:48:52.900
/home/ggoni/Documentos/PROYE/solocodigo/proycodigo/salida/CH1/greedyC/;2024-09-16 22:48:53.152;2024-09-16 22:48:53.169
/home/ggoni/Documentos/PROYE/solocodigo/proycodigo/salida/CH1/greedyC/;2024-09-16 22:48:53.386;2024-09-16 22:48:53.402
/home/ggoni/Documentos/PROYE/solocodigo/proycodigo/salida/CH1/greedyC/;2024-09-16 22:48:53.453;2024-09-16 22:48:53.470
/home/ggoni/Documentos/PROYE/solocodigo/proycodigo/salida/CH1/greedyC/;2024-09-16 22:48:53.579;2024-09-16 22:48:53.596
/home/ggoni/Documentos/PROYE/solocodigo/proycodigo/salida/CH1/greedyC/;2024-09-16 22:48:53.596;2024-09-16 22:48:53.613
/home/ggoni/Documentos/PROYE/solocodigo/proycodigo/salida/CH1/greedyC/;2024-09-16 22:48:53.831;2024-09-16 22:48:53.847
/home/ggoni/Documentos/PROYE/solocodigo/proycodigo/salida/CH1/greedyC/;2024-09-16 22:48:53.914;2024-09-16 22:48:53.931
/home/ggoni/Documentos/PROYE/solocodigo/proycodigo/salida/CH1/greedyC/;2024-09-16 22:48:54.015;2024-09-16 22:48:54.032
/home/ggoni/Documentos/PROYE/solocodigo/proycodigo/salida/CH1/greedyC/;2024-09-16 22:48:54.098;2024-09-16 22:48:54.115
/home/ggoni/Documentos/PROYE/solocodigo/proycodigo/salida/CH1/greedyC/;2024-09-16 22:48:54.313;2024-09-16 22:48:54.330
/home/ggoni/Documentos/PROYE/solocodigo/proycodigo/salida/CH1/greedyC/;2024-09-16 22:48:54.514;2024-09-16 22:48:54.532
/home/ggoni/Documentos/PROYE/solocodigo/proycodigo/salida/CH1/greedyQoS/;2024-09-16 22:48:56.172;2024-09-16 22:48:56.176
/home/ggoni/Documentos/PROYE/solocodigo/proycodigo/salida/CH1/greedyQoS/;2024-09-16 22:48:56.211;2024-09-16 22:48:56.215
/home/ggoni/Documentos/PROYE/solocodigo/proycodigo/salida/CH1/greedyQoS/;2024-09-16 22:48:56.215;2024-09-16 22:48:56.218
/home/ggoni/Documentos/PROYE/solocodigo/proycodigo/salida/CH1/robin/;2024-09-16 22:48:56.240;2024-09-16 22:48:56.252
/home/ggoni/Documentos/PROYE/solocodigo/proycodigo/salida/CH1/robin/;2024-09-16 22:48:56.284;2024-09-16 22:48:56.297
/home/ggoni/Documentos/PROYE/solocodigo/proycodigo/salida/CH1/robin/;2024-09-16 22:48:56.297;2024-09-16 22:48:56.308
/home/ggoni/Documentos/PROYE/solocodigo/proycodigo/salida/CH2/greedyC/;2024-09-16 22:48:56.420;2024-09-16 22:48:56.438
/home/ggoni/Documentos/PROYE/solocodigo/proycodigo/salida/CH2/greedyC/;2024-09-16 22:48:56.675;2024-09-16 22:48:56.689
/home/ggoni/Documentos/PROYE/solocodigo/proycodigo/salida/CH2/greedyC/;2024-09-16 22:48:56.877;2024-09-16 22:48:56.891
/home/ggoni/Documentos/PROYE/solocodigo/proycodigo/salida/CH2/greedyC/;2024-09-16 22:48:56.934;2024-09-16 22:48:56.948
/home/ggoni/Documentos/PROYE/solocodigo/proycodigo/salida/CH2/greedyC/;2024-09-16 22:48:57.035;2024-09-16 22:48:57.050
/home/ggoni/Documentos/PROYE/solocodigo/proycodigo/salida/CH2/greedyC/;2024-09-16 22:48:57.050;2024-09-16 22:48:57.064
/home/ggoni/Documentos/PROYE/solocodigo/proycodigo/salida/CH2/greedyC/;2024-09-16 22:48:57.249;2024-09-16 22:48:57.263
/home/ggoni/Documentos/PROYE/solocodigo/proycodigo/salida/CH2/greedyC/;2024-09-16 22:48:57.319;2024-09-16 22:48:57.334
/home/ggoni/Documentos/PROYE/solocodigo/proycodigo/salida/CH2/greedyC/;2024-09-16 22:48:57.404;2024-09-16 22:48:57.419
/home/ggoni/Documentos/PROYE/solocodigo/proycodigo/salida/CH2/greedyC/;2024-09-16 22:48:57.476;2024-09-16 22:48:57.490
/home/ggoni/Documentos/PROYE/solocodigo/proycodigo/salida/CH2/greedyC/;2024-09-16 22:48:57.662;2024-09-16 22:48:57.676
/home/ggoni/Documentos/PROYE/solocodigo/proycodigo/salida/CH2/greedyC/;2024-09-16 22:48:57.836;2024-09-16 22:48:57.851
/home/ggoni/Documentos/PROYE/solocodigo/proycodigo/salida/CH2/greedyC/;2024-09-16 22:49:04.194;2024-09-16 22:49:04.208
/home/ggoni/Documentos/PROYE/solocodigo/proycodigo/salida/CH2/greedyC/;2024-09-16 22:49:04.410;2024-09-16 22:49:04.424
/home/ggoni/Documentos/PROYE/solocodigo/proycodigo/salida/CH2/greedyC/;2024-09-16 22:49:04.599;2024-09-16 22:49:04.613
/home/ggoni/Documentos/PROYE/solocodigo/proycodigo/salida/CH2/greedyC/;2024-09-16 22:49:04.653;2024-09-16 22:49:04.667
/home/ggoni/Documentos/PROYE/solocodigo/proycodigo/salida/CH2/greedyC/;2024-09-16 22:49:04.748;2024-09-16 22:49:04.761
/home/ggoni/Documentos/PROYE/solocodigo/proycodigo/salida/CH2/greedyC/;2024-09-16 22:49:04.761;2024-09-16 22:49:04.775
/home/ggoni/Documentos/PROYE/solocodigo/proycodigo/salida/CH2/greedyC/;2024-09-16 22:49:04.952;2024-09-16 22:49:04.966
/home/ggoni/Documentos/PROYE/solocodigo/proycodigo/salida/CH2/greedyC/;2024-09-16 22:49:05.020;2024-09-16 22:49:05.034
/home/ggoni/Documentos/PROYE/solocodigo/proycodigo/salida/CH2/greedyC/;2024-09-16 22:49:05.105;2024-09-16 22:49:05.119
/home/ggoni/Documentos/PROYE/solocodigo/proycodigo/salida/CH2/greedyC/;2024-09-16 22:49:05.173;2024-09-16 22:49:05.187
/home/ggoni/Documentos/PROYE/solocodigo/proycodigo/salida/CH2/greedyC/;2024-09-16 22:49:05.349;2024-09-16 22:49:05.362
/home/ggoni/Documentos/PROYE/solocodigo/proycodigo/salida/CH2/greedyC/;2024-09-16 22:49:05.510;2024-09-16 22:49:05.523
/home/ggoni/Documentos/PROYE/solocodigo/proycodigo/salida/CH2/greedyQoS/;2024-09-16 22:49:06.744;2024-09-16 22:49:06.747
/home/ggoni/Documentos/PROYE/solocodigo/proycodigo/salida/CH2/greedyQoS/;2024-09-16 22:49:06.753;2024-09-16 22:49:06.755
/home/ggoni/Documentos/PROYE/solocodigo/proycodigo/salida/CH2/robin/;2024-09-16 22:49:06.761;2024-09-16 22:49:06.770
/home/ggoni/Documentos/PROYE/solocodigo/proycodigo/salida/CH2/robin/;2024-09-16 22:49:06.790;2024-09-16 22:49:06.794
/home/ggoni/Documentos/PROYE/solocodigo/proycodigo/salida/M1/greedyC/;2024-09-16 22:49:06.900;2024-09-16 22:49:06.942
/home/ggoni/Documentos/PROYE/solocodigo/proycodigo/salida/M1/greedyC/;2024-09-16 22:49:07.453;2024-09-16 22:49:07.484
/home/ggoni/Documentos/PROYE/solocodigo/proycodigo/salida/M1/greedyC/;2024-09-16 22:49:07.893;2024-09-16 22:49:07.925
/home/ggoni/Documentos/PROYE/solocodigo/proycodigo/salida/M1/greedyC/;2024-09-16 22:49:08.019;2024-09-16 22:49:08.051
/home/ggoni/Documentos/PROYE/solocodigo/proycodigo/salida/M1/greedyC/;2024-09-16 22:49:08.239;2024-09-16 22:49:08.270
/home/ggoni/Documentos/PROYE/solocodigo/proycodigo/salida/M1/greedyC/;2024-09-16 22:49:08.270;2024-09-16 22:49:08.302
/home/ggoni/Documentos/PROYE/solocodigo/proycodigo/salida/M1/greedyC/;2024-09-16 22:49:08.711;2024-09-16 22:49:08.742
/home/ggoni/Documentos/PROYE/solocodigo/proycodigo/salida/M1/greedyC/;2024-09-16 22:49:08.867;2024-09-16 22:49:08.899
/home/ggoni/Documentos/PROYE/solocodigo/proycodigo/salida/M1/greedyC/;2024-09-16 22:49:09.059;2024-09-16 22:49:09.090
/home/ggoni/Documentos/PROYE/solocodigo/proycodigo/salida/M1/greedyC/;2024-09-16 22:49:09.215;2024-09-16 22:49:09.246
/home/ggoni/Documentos/PROYE/solocodigo/proycodigo/salida/M1/greedyC/;2024-09-16 22:49:09.631;2024-09-16 22:49:09.662
/home/ggoni/Documentos/PROYE/solocodigo/proycodigo/salida/M1/greedyC/;2024-09-16 22:49:10.023;2024-09-16 22:49:10.051
/home/ggoni/Documentos/PROYE/solocodigo/proycodigo/salida/M1/greedyC/;2024-09-16 22:49:27.396;2024-09-16 22:49:27.422
/home/ggoni/Documentos/PROYE/solocodigo/proycodigo/salida/M1/greedyC/;2024-09-16 22:49:27.823;2024-09-16 22:49:27.849
/home/ggoni/Documentos/PROYE/solocodigo/proycodigo/salida/M1/greedyC/;2024-09-16 22:49:28.193;2024-09-16 22:49:28.220
/home/ggoni/Documentos/PROYE/solocodigo/proycodigo/salida/M1/greedyC/;2024-09-16 22:49:28.300;2024-09-16 22:49:28.327
/home/ggoni/Documentos/PROYE/solocodigo/proycodigo/salida/M1/greedyC/;2024-09-16 22:49:28.485;2024-09-16 22:49:28.511
/home/ggoni/Documentos/PROYE/solocodigo/proycodigo/salida/M1/greedyC/;2024-09-16 22:49:28.511;2024-09-16 22:49:28.538
/home/ggoni/Documentos/PROYE/solocodigo/proycodigo/salida/M1/greedyC/;2024-09-16 22:49:28.881;2024-09-16 22:49:28.907
/home/ggoni/Documentos/PROYE/solocodigo/proycodigo/salida/M1/greedyC/;2024-09-16 22:49:29.012;2024-09-16 22:49:29.039
/home/ggoni/Documentos/PROYE/solocodigo/proycodigo/salida/M1/greedyC/;2024-09-16 22:49:29.172;2024-09-16 22:49:29.199
/home/ggoni/Documentos/PROYE/solocodigo/proycodigo/salida/M1/greedyC/;2024-09-16 22:49:29.307;2024-09-16 22:49:29.333
/home/ggoni/Documentos/PROYE/solocodigo/proycodigo/salida/M1/greedyC/;2024-09-16 22:49:29.658;2024-09-16 22:49:29.684
/home/ggoni/Documentos/PROYE/solocodigo/proycodigo/salida/M1/greedyC/;2024-09-16 22:49:29.978;2024-09-16 22:49:30.005
/home/ggoni/Documentos/PROYE/solocodigo/proycodigo/salida/M1/greedyC/;2024-09-16 22:49:32.165;2024-09-16 22:49:32.191
/home/ggoni/Documentos/PROYE/solocodigo/proycodigo/salida/M1/greedyC/;2024-09-16 22:49:32.584;2024-09-16 22:49:32.610
/home/ggoni/Documentos/PROYE/solocodigo/proycodigo/salida/M1/greedyC/;2024-09-16 22:49:32.948;2024-09-16 22:49:32.974
/home/ggoni/Documentos/PROYE/solocodigo/proycodigo/salida/M1/greedyC/;2024-09-16 22:49:33.053;2024-09-16 22:49:33.079
/home/ggoni/Documentos/PROYE/solocodigo/proycodigo/salida/M1/greedyC/;2024-09-16 22:49:33.235;2024-09-16 22:49:33.261
/home/ggoni/Documentos/PROYE/solocodigo/proycodigo/salida/M1/greedyC/;2024-09-16 22:49:33.261;2024-09-16 22:49:33.289
/home/ggoni/Documentos/PROYE/solocodigo/proycodigo/salida/M1/greedyC/;2024-09-16 22:49:33.629;2024-09-16 22:49:33.655
/home/ggoni/Documentos/PROYE/solocodigo/proycodigo/salida/M1/greedyC/;2024-09-16 22:49:33.759;2024-09-16 22:49:33.785
/home/ggoni/Documentos/PROYE/solocodigo/proycodigo/salida/M1/greedyC/;2024-09-16 22:49:33.915;2024-09-16 22:49:33.941
/home/ggoni/Documentos/PROYE/solocodigo/proycodigo/salida/M1/greedyC/;2024-09-16 22:49:34.067;2024-09-16 22:49:34.093
/home/ggoni/Documentos/PROYE/solocodigo/proycodigo/salida/M1/greedyC/;2024-09-16 22:49:34.408;2024-09-16 22:49:34.434
/home/ggoni/Documentos/PROYE/solocodigo/proycodigo/salida/M1/greedyC/;2024-09-16 22:49:34.721;2024-09-16 22:49:34.747
/home/ggoni/Documentos/PROYE/solocodigo/proycodigo/salida/M1/greedyQoS/;2024-09-16 22:49:37.296;2024-09-16 22:49:37.303
/home/ggoni/Documentos/PROYE/solocodigo/proycodigo/salida/M1/greedyQoS/;2024-09-16 22:49:37.323;2024-09-16 22:49:37.328
/home/ggoni/Documentos/PROYE/solocodigo/proycodigo/salida/M1/greedyQoS/;2024-09-16 22:49:37.328;2024-09-16 22:49:37.333
/home/ggoni/Documentos/PROYE/solocodigo/proycodigo/salida/M1/robin/;2024-09-16 22:49:37.347;2024-09-16 22:49:37.359
/home/ggoni/Documentos/PROYE/solocodigo/proycodigo/salida/M1/robin/;2024-09-16 22:49:37.393;2024-09-16 22:49:37.407
/home/ggoni/Documentos/PROYE/solocodigo/proycodigo/salida/M1/robin/;2024-09-16 22:49:37.408;2024-09-16 22:49:37.421
/home/ggoni/Documentos/PROYE/solocodigo/proycodigo/salida/M2/greedyC/;2024-09-16 22:49:37.551;2024-09-16 22:49:37.578
/home/ggoni/Documentos/PROYE/solocodigo/proycodigo/salida/M2/greedyC/;2024-09-16 22:49:37.992;2024-09-16 22:49:38.019
/home/ggoni/Documentos/PROYE/solocodigo/proycodigo/salida/M2/greedyC/;2024-09-16 22:49:38.366;2024-09-16 22:49:38.392
/home/ggoni/Documentos/PROYE/solocodigo/proycodigo/salida/M2/greedyC/;2024-09-16 22:49:38.472;2024-09-16 22:49:38.499
/home/ggoni/Documentos/PROYE/solocodigo/proycodigo/salida/M2/greedyC/;2024-09-16 22:49:38.660;2024-09-16 22:49:38.686
/home/ggoni/Documentos/PROYE/solocodigo/proycodigo/salida/M2/greedyC/;2024-09-16 22:49:38.686;2024-09-16 22:49:38.713
/home/ggoni/Documentos/PROYE/solocodigo/proycodigo/salida/M2/greedyC/;2024-09-16 22:49:39.063;2024-09-16 22:49:39.090
/home/ggoni/Documentos/PROYE/solocodigo/proycodigo/salida/M2/greedyC/;2024-09-16 22:49:39.197;2024-09-16 22:49:39.223
/home/ggoni/Documentos/PROYE/solocodigo/proycodigo/salida/M2/greedyC/;2024-09-16 22:49:39.356;2024-09-16 22:49:39.383
/home/ggoni/Documentos/PROYE/solocodigo/proycodigo/salida/M2/greedyC/;2024-09-16 22:49:39.519;2024-09-16 22:49:39.546
/home/ggoni/Documentos/PROYE/solocodigo/proycodigo/salida/M2/greedyC/;2024-09-16 22:49:39.854;2024-09-16 22:49:39.880
/home/ggoni/Documentos/PROYE/solocodigo/proycodigo/salida/M2/greedyC/;2024-09-16 22:49:40.167;2024-09-16 22:49:40.193
/home/ggoni/Documentos/PROYE/solocodigo/proycodigo/salida/M2/greedyC/;2024-09-16 22:49:56.487;2024-09-16 22:49:56.512
/home/ggoni/Documentos/PROYE/solocodigo/proycodigo/salida/M2/greedyC/;2024-09-16 22:49:56.889;2024-09-16 22:49:56.914
/home/ggoni/Documentos/PROYE/solocodigo/proycodigo/salida/M2/greedyC/;2024-09-16 22:49:57.238;2024-09-16 22:49:57.263
/home/ggoni/Documentos/PROYE/solocodigo/proycodigo/salida/M2/greedyC/;2024-09-16 22:49:57.337;2024-09-16 22:49:57.362
/home/ggoni/Documentos/PROYE/solocodigo/proycodigo/salida/M2/greedyC/;2024-09-16 22:49:57.511;2024-09-16 22:49:57.536
/home/ggoni/Documentos/PROYE/solocodigo/proycodigo/salida/M2/greedyC/;2024-09-16 22:49:57.536;2024-09-16 22:49:57.561
/home/ggoni/Documentos/PROYE/solocodigo/proycodigo/salida/M2/greedyC/;2024-09-16 22:49:57.890;2024-09-16 22:49:57.915
/home/ggoni/Documentos/PROYE/solocodigo/proycodigo/salida/M2/greedyC/;2024-09-16 22:49:58.015;2024-09-16 22:49:58.040
/home/ggoni/Documentos/PROYE/solocodigo/proycodigo/salida/M2/greedyC/;2024-09-16 22:49:58.164;2024-09-16 22:49:58.189
/home/ggoni/Documentos/PROYE/solocodigo/proycodigo/salida/M2/greedyC/;2024-09-16 22:49:58.288;2024-09-16 22:49:58.313
/home/ggoni/Documentos/PROYE/solocodigo/proycodigo/salida/M2/greedyC/;2024-09-16 22:49:58.615;2024-09-16 22:49:58.640
/home/ggoni/Documentos/PROYE/solocodigo/proycodigo/salida/M2/greedyC/;2024-09-16 22:49:58.917;2024-09-16 22:49:58.942
/home/ggoni/Documentos/PROYE/solocodigo/proycodigo/salida/M2/greedyC/;2024-09-16 22:50:00.985;2024-09-16 22:50:01.011
/home/ggoni/Documentos/PROYE/solocodigo/proycodigo/salida/M2/greedyC/;2024-09-16 22:50:01.387;2024-09-16 22:50:01.412
/home/ggoni/Documentos/PROYE/solocodigo/proycodigo/salida/M2/greedyC/;2024-09-16 22:50:01.740;2024-09-16 22:50:01.766
/home/ggoni/Documentos/PROYE/solocodigo/proycodigo/salida/M2/greedyC/;2024-09-16 22:50:01.841;2024-09-16 22:50:01.866
/home/ggoni/Documentos/PROYE/solocodigo/proycodigo/salida/M2/greedyC/;2024-09-16 22:50:02.014;2024-09-16 22:50:02.039
/home/ggoni/Documentos/PROYE/solocodigo/proycodigo/salida/M2/greedyC/;2024-09-16 22:50:02.039;2024-09-16 22:50:02.065
/home/ggoni/Documentos/PROYE/solocodigo/proycodigo/salida/M2/greedyC/;2024-09-16 22:50:02.403;2024-09-16 22:50:02.428
/home/ggoni/Documentos/PROYE/solocodigo/proycodigo/salida/M2/greedyC/;2024-09-16 22:50:02.529;2024-09-16 22:50:02.555
/home/ggoni/Documentos/PROYE/solocodigo/proycodigo/salida/M2/greedyC/;2024-09-16 22:50:02.681;2024-09-16 22:50:02.706
/home/ggoni/Documentos/PROYE/solocodigo/proycodigo/salida/M2/greedyC/;2024-09-16 22:50:02.808;2024-09-16 22:50:02.833
/home/ggoni/Documentos/PROYE/solocodigo/proycodigo/salida/M2/greedyC/;2024-09-16 22:50:03.135;2024-09-16 22:50:03.160
/home/ggoni/Documentos/PROYE/solocodigo/proycodigo/salida/M2/greedyC/;2024-09-16 22:50:03.435;2024-09-16 22:50:03.460
/home/ggoni/Documentos/PROYE/solocodigo/proycodigo/salida/M2/greedyQoS/;2024-09-16 22:50:05.928;2024-09-16 22:50:05.933
/home/ggoni/Documentos/PROYE/solocodigo/proycodigo/salida/M2/greedyQoS/;2024-09-16 22:50:05.950;2024-09-16 22:50:05.954
/home/ggoni/Documentos/PROYE/solocodigo/proycodigo/salida/M2/greedyQoS/;2024-09-16 22:50:05.954;2024-09-16 22:50:05.959
/home/ggoni/Documentos/PROYE/solocodigo/proycodigo/salida/M2/robin/;2024-09-16 22:50:05.976;2024-09-16 22:50:05.992
/home/ggoni/Documentos/PROYE/solocodigo/proycodigo/salida/M2/robin/;2024-09-16 22:50:06.041;2024-09-16 22:50:06.053
/home/ggoni/Documentos/PROYE/solocodigo/proycodigo/salida/M2/robin/;2024-09-16 22:50:06.053;2024-09-16 22:50:06.065
/home/ggoni/Documentos/PROYE/solocodigo/proycodigo/salida/G1/greedyC/;2024-09-16 22:50:06.235;2024-09-16 22:50:06.303
/home/ggoni/Documentos/PROYE/solocodigo/proycodigo/salida/G1/greedyC/;2024-09-16 22:50:07.207;2024-09-16 22:50:07.266
/home/ggoni/Documentos/PROYE/solocodigo/proycodigo/salida/G1/greedyC/;2024-09-16 22:50:08.029;2024-09-16 22:50:08.088
/home/ggoni/Documentos/PROYE/solocodigo/proycodigo/salida/G1/greedyC/;2024-09-16 22:50:08.324;2024-09-16 22:50:08.389
/home/ggoni/Documentos/PROYE/solocodigo/proycodigo/salida/G1/greedyC/;2024-09-16 22:50:08.739;2024-09-16 22:50:08.798
/home/ggoni/Documentos/PROYE/solocodigo/proycodigo/salida/G1/greedyC/;2024-09-16 22:50:08.798;2024-09-16 22:50:08.891
/home/ggoni/Documentos/PROYE/solocodigo/proycodigo/salida/G1/greedyC/;2024-09-16 22:50:09.654;2024-09-16 22:50:09.713
/home/ggoni/Documentos/PROYE/solocodigo/proycodigo/salida/G1/greedyC/;2024-09-16 22:50:09.949;2024-09-16 22:50:10.008
/home/ggoni/Documentos/PROYE/solocodigo/proycodigo/salida/G1/greedyC/;2024-09-16 22:50:10.298;2024-09-16 22:50:10.355
/home/ggoni/Documentos/PROYE/solocodigo/proycodigo/salida/G1/greedyC/;2024-09-16 22:50:10.604;2024-09-16 22:50:10.662
/home/ggoni/Documentos/PROYE/solocodigo/proycodigo/salida/G1/greedyC/;2024-09-16 22:50:11.377;2024-09-16 22:50:11.434
/home/ggoni/Documentos/PROYE/solocodigo/proycodigo/salida/G1/greedyC/;2024-09-16 22:50:12.112;2024-09-16 22:50:12.177
/home/ggoni/Documentos/PROYE/solocodigo/proycodigo/salida/G1/greedyC/;2024-09-16 22:50:38.384;2024-09-16 22:50:38.441
/home/ggoni/Documentos/PROYE/solocodigo/proycodigo/salida/G1/greedyC/;2024-09-16 22:50:39.301;2024-09-16 22:50:39.358
/home/ggoni/Documentos/PROYE/solocodigo/proycodigo/salida/G1/greedyC/;2024-09-16 22:50:40.099;2024-09-16 22:50:40.156
/home/ggoni/Documentos/PROYE/solocodigo/proycodigo/salida/G1/greedyC/;2024-09-16 22:50:40.326;2024-09-16 22:50:40.383
/home/ggoni/Documentos/PROYE/solocodigo/proycodigo/salida/G1/greedyC/;2024-09-16 22:50:40.727;2024-09-16 22:50:40.784
/home/ggoni/Documentos/PROYE/solocodigo/proycodigo/salida/G1/greedyC/;2024-09-16 22:50:40.784;2024-09-16 22:50:40.841
/home/ggoni/Documentos/PROYE/solocodigo/proycodigo/salida/G1/greedyC/;2024-09-16 22:50:41.599;2024-09-16 22:50:41.655
/home/ggoni/Documentos/PROYE/solocodigo/proycodigo/salida/G1/greedyC/;2024-09-16 22:50:41.899;2024-09-16 22:50:41.998
/home/ggoni/Documentos/PROYE/solocodigo/proycodigo/salida/G1/greedyC/;2024-09-16 22:50:42.293;2024-09-16 22:50:42.351
/home/ggoni/Documentos/PROYE/solocodigo/proycodigo/salida/G1/greedyC/;2024-09-16 22:50:42.582;2024-09-16 22:50:42.639
/home/ggoni/Documentos/PROYE/solocodigo/proycodigo/salida/G1/greedyC/;2024-09-16 22:50:43.324;2024-09-16 22:50:43.384
/home/ggoni/Documentos/PROYE/solocodigo/proycodigo/salida/G1/greedyC/;2024-09-16 22:50:44.029;2024-09-16 22:50:44.087
/home/ggoni/Documentos/PROYE/solocodigo/proycodigo/salida/G1/greedyC/;2024-09-16 22:50:48.798;2024-09-16 22:50:48.855
/home/ggoni/Documentos/PROYE/solocodigo/proycodigo/salida/G1/greedyC/;2024-09-16 22:50:49.710;2024-09-16 22:50:49.767
/home/ggoni/Documentos/PROYE/solocodigo/proycodigo/salida/G1/greedyC/;2024-09-16 22:50:50.510;2024-09-16 22:50:50.568
/home/ggoni/Documentos/PROYE/solocodigo/proycodigo/salida/G1/greedyC/;2024-09-16 22:50:50.738;2024-09-16 22:50:50.795
/home/ggoni/Documentos/PROYE/solocodigo/proycodigo/salida/G1/greedyC/;2024-09-16 22:50:51.147;2024-09-16 22:50:51.204
/home/ggoni/Documentos/PROYE/solocodigo/proycodigo/salida/G1/greedyC/;2024-09-16 22:50:51.204;2024-09-16 22:50:51.261
/home/ggoni/Documentos/PROYE/solocodigo/proycodigo/salida/G1/greedyC/;2024-09-16 22:50:52.004;2024-09-16 22:50:52.061
/home/ggoni/Documentos/PROYE/solocodigo/proycodigo/salida/G1/greedyC/;2024-09-16 22:50:52.293;2024-09-16 22:50:52.350
/home/ggoni/Documentos/PROYE/solocodigo/proycodigo/salida/G1/greedyC/;2024-09-16 22:50:52.640;2024-09-16 22:50:52.697
/home/ggoni/Documentos/PROYE/solocodigo/proycodigo/salida/G1/greedyC/;2024-09-16 22:50:52.928;2024-09-16 22:50:52.986
/home/ggoni/Documentos/PROYE/solocodigo/proycodigo/salida/G1/greedyC/;2024-09-16 22:50:53.695;2024-09-16 22:50:53.753
/home/ggoni/Documentos/PROYE/solocodigo/proycodigo/salida/G1/greedyC/;2024-09-16 22:50:54.392;2024-09-16 22:50:54.451
/home/ggoni/Documentos/PROYE/solocodigo/proycodigo/salida/G1/greedyQoS/;2024-09-16 22:50:59.888;2024-09-16 22:50:59.904
/home/ggoni/Documentos/PROYE/solocodigo/proycodigo/salida/G1/greedyQoS/;2024-09-16 22:50:59.936;2024-09-16 22:50:59.949
/home/ggoni/Documentos/PROYE/solocodigo/proycodigo/salida/G1/greedyQoS/;2024-09-16 22:50:59.949;2024-09-16 22:50:59.962
/home/ggoni/Documentos/PROYE/solocodigo/proycodigo/salida/G1/robin/;2024-09-16 22:50:59.998;2024-09-16 22:51:00.021
/home/ggoni/Documentos/PROYE/solocodigo/proycodigo/salida/G1/robin/;2024-09-16 22:51:00.085;2024-09-16 22:51:00.114
/home/ggoni/Documentos/PROYE/solocodigo/proycodigo/salida/G1/robin/;2024-09-16 22:51:00.114;2024-09-16 22:51:00.145
/home/ggoni/Documentos/PROYE/solocodigo/proycodigo/salida/G2/greedyC/;2024-09-16 22:51:00.299;2024-09-16 22:51:00.348
/home/ggoni/Documentos/PROYE/solocodigo/proycodigo/salida/G2/greedyC/;2024-09-16 22:51:01.101;2024-09-16 22:51:01.149
/home/ggoni/Documentos/PROYE/solocodigo/proycodigo/salida/G2/greedyC/;2024-09-16 22:51:01.787;2024-09-16 22:51:01.836
/home/ggoni/Documentos/PROYE/solocodigo/proycodigo/salida/G2/greedyC/;2024-09-16 22:51:01.995;2024-09-16 22:51:02.042
/home/ggoni/Documentos/PROYE/solocodigo/proycodigo/salida/G2/greedyC/;2024-09-16 22:51:02.327;2024-09-16 22:51:02.375
/home/ggoni/Documentos/PROYE/solocodigo/proycodigo/salida/G2/greedyC/;2024-09-16 22:51:02.375;2024-09-16 22:51:02.422
/home/ggoni/Documentos/PROYE/solocodigo/proycodigo/salida/G2/greedyC/;2024-09-16 22:51:03.040;2024-09-16 22:51:03.088
/home/ggoni/Documentos/PROYE/solocodigo/proycodigo/salida/G2/greedyC/;2024-09-16 22:51:03.278;2024-09-16 22:51:03.325
/home/ggoni/Documentos/PROYE/solocodigo/proycodigo/salida/G2/greedyC/;2024-09-16 22:51:03.562;2024-09-16 22:51:03.611
/home/ggoni/Documentos/PROYE/solocodigo/proycodigo/salida/G2/greedyC/;2024-09-16 22:51:03.802;2024-09-16 22:51:03.849
/home/ggoni/Documentos/PROYE/solocodigo/proycodigo/salida/G2/greedyC/;2024-09-16 22:51:04.415;2024-09-16 22:51:04.462
/home/ggoni/Documentos/PROYE/solocodigo/proycodigo/salida/G2/greedyC/;2024-09-16 22:51:04.985;2024-09-16 22:51:05.033
/home/ggoni/Documentos/PROYE/solocodigo/proycodigo/salida/G2/greedyC/;2024-09-16 22:51:26.543;2024-09-16 22:51:26.590
/home/ggoni/Documentos/PROYE/solocodigo/proycodigo/salida/G2/greedyC/;2024-09-16 22:51:27.296;2024-09-16 22:51:27.343
/home/ggoni/Documentos/PROYE/solocodigo/proycodigo/salida/G2/greedyC/;2024-09-16 22:51:27.951;2024-09-16 22:51:27.998
/home/ggoni/Documentos/PROYE/solocodigo/proycodigo/salida/G2/greedyC/;2024-09-16 22:51:28.140;2024-09-16 22:51:28.186
/home/ggoni/Documentos/PROYE/solocodigo/proycodigo/salida/G2/greedyC/;2024-09-16 22:51:28.465;2024-09-16 22:51:28.512
/home/ggoni/Documentos/PROYE/solocodigo/proycodigo/salida/G2/greedyC/;2024-09-16 22:51:28.512;2024-09-16 22:51:28.559
/home/ggoni/Documentos/PROYE/solocodigo/proycodigo/salida/G2/greedyC/;2024-09-16 22:51:29.184;2024-09-16 22:51:29.230
/home/ggoni/Documentos/PROYE/solocodigo/proycodigo/salida/G2/greedyC/;2024-09-16 22:51:29.418;2024-09-16 22:51:29.464
/home/ggoni/Documentos/PROYE/solocodigo/proycodigo/salida/G2/greedyC/;2024-09-16 22:51:29.700;2024-09-16 22:51:29.747
/home/ggoni/Documentos/PROYE/solocodigo/proycodigo/salida/G2/greedyC/;2024-09-16 22:51:29.935;2024-09-16 22:51:29.982
/home/ggoni/Documentos/PROYE/solocodigo/proycodigo/salida/G2/greedyC/;2024-09-16 22:51:30.546;2024-09-16 22:51:30.593
/home/ggoni/Documentos/PROYE/solocodigo/proycodigo/salida/G2/greedyC/;2024-09-16 22:51:31.109;2024-09-16 22:51:31.157
/home/ggoni/Documentos/PROYE/solocodigo/proycodigo/salida/G2/greedyC/;2024-09-16 22:51:35.114;2024-09-16 22:51:35.161
/home/ggoni/Documentos/PROYE/solocodigo/proycodigo/salida/G2/greedyC/;2024-09-16 22:51:35.866;2024-09-16 22:51:35.914
/home/ggoni/Documentos/PROYE/solocodigo/proycodigo/salida/G2/greedyC/;2024-09-16 22:51:36.542;2024-09-16 22:51:36.590
/home/ggoni/Documentos/PROYE/solocodigo/proycodigo/salida/G2/greedyC/;2024-09-16 22:51:36.735;2024-09-16 22:51:36.783
/home/ggoni/Documentos/PROYE/solocodigo/proycodigo/salida/G2/greedyC/;2024-09-16 22:51:37.062;2024-09-16 22:51:37.109
/home/ggoni/Documentos/PROYE/solocodigo/proycodigo/salida/G2/greedyC/;2024-09-16 22:51:37.109;2024-09-16 22:51:37.155
/home/ggoni/Documentos/PROYE/solocodigo/proycodigo/salida/G2/greedyC/;2024-09-16 22:51:37.764;2024-09-16 22:51:37.809
/home/ggoni/Documentos/PROYE/solocodigo/proycodigo/salida/G2/greedyC/;2024-09-16 22:51:37.990;2024-09-16 22:51:38.035
/home/ggoni/Documentos/PROYE/solocodigo/proycodigo/salida/G2/greedyC/;2024-09-16 22:51:38.267;2024-09-16 22:51:38.313
/home/ggoni/Documentos/PROYE/solocodigo/proycodigo/salida/G2/greedyC/;2024-09-16 22:51:38.496;2024-09-16 22:51:38.542
/home/ggoni/Documentos/PROYE/solocodigo/proycodigo/salida/G2/greedyC/;2024-09-16 22:51:39.094;2024-09-16 22:51:39.140
/home/ggoni/Documentos/PROYE/solocodigo/proycodigo/salida/G2/greedyC/;2024-09-16 22:51:39.651;2024-09-16 22:51:39.697
/home/ggoni/Documentos/PROYE/solocodigo/proycodigo/salida/G2/greedyQoS/;2024-09-16 22:51:44.478;2024-09-16 22:51:44.488
/home/ggoni/Documentos/PROYE/solocodigo/proycodigo/salida/G2/greedyQoS/;2024-09-16 22:51:44.508;2024-09-16 22:51:44.518
/home/ggoni/Documentos/PROYE/solocodigo/proycodigo/salida/G2/greedyQoS/;2024-09-16 22:51:44.518;2024-09-16 22:51:44.528
/home/ggoni/Documentos/PROYE/solocodigo/proycodigo/salida/G2/robin/;2024-09-16 22:51:44.573;2024-09-16 22:51:44.608
/home/ggoni/Documentos/PROYE/solocodigo/proycodigo/salida/G2/robin/;2024-09-16 22:51:44.661;2024-09-16 22:51:44.673
/home/ggoni/Documentos/PROYE/solocodigo/proycodigo/salida/G2/robin/;2024-09-16 22:51:44.673;2024-09-16 22:51:44.683
